INSERT INTO Groups (ID, GroupName, GroupType)
VALUES (1, 'Sonechko','nursery'),
(2, 'Metelyk', 'junior'),
(3, 'Kvitochka', 'middle'),
(4, 'Kapelka', 'senior'),
(5, 'Rosynka', 'short-term');

INSERT INTO Child (ID, FirstName, LastName, BirthDate, PhoneNumber, GroupID, Gender, EnterAge) 
VALUES (1, 'Della', 'Grimditch', '2017-10-01', '280-434-9256', 1, 'female', 2),
(2, 'Lutero', 'Booy', '2019-03-03', '592-275-4851', 3, 'male', 4),
(3, 'Franz', 'Mendoza', '2017-08-18', '753-948-5296', 5, 'male', 1),
(4, 'Cirstoforo', 'Summerbell', '2017-11-21', '915-536-2891', 5, 'male', 1),
(5, 'Lorinda', 'Joe', '2017-04-10', '794-159-6556', 4, 'female', 5),
(6, 'Fonzie', 'Shurey', '2018-09-24', '464-663-9748', 3, 'male', 4),
(7, 'Siana', 'Vedishchev', '2018-11-24', '123-864-9826', 5, 'female', 1),
(8, 'Tucky', 'Le Ball', '2019-04-05', '693-624-9031', 4, 'female', 5),
(9, 'Judas', 'Blanche', '2018-03-16', '407-438-6579', 3, 'male', 4),
(10, 'Zacherie', 'Cianelli', '2017-11-07', '966-725-4573', 2, 'male', 3),
(11, 'Ingrid', 'Helix', '2017-12-02', '586-134-8362', 3, 'female', 4),
(12, 'Grata', 'Russo', '2019-07-10', '181-684-3806', 4,'female', 5),
(13, 'Tobiah', 'Duckhouse', '2018-10-24', '500-373-1130', 1, 'male', 2),
(14, 'Henka', 'Fawlkes', '2018-10-13', '570-605-9099', 1, 'female', 2),
(15, 'Ella', 'McGee', '2017-05-11', '927-595-3584', 2, 'female', 3),
(16, 'Bryce', 'Dreng', '2017-01-15', '894-774-7057', 3, 'male', 4),
(17, 'Ramona', 'Niaves', '2017-01-17', '772-209-6341', 1, 'female', 2),
(18, 'Hayyim', 'Garr', '2017-08-01', '249-797-6111', 2, 'male', 3),
(19, 'Cornela', 'Jackman', '2019-05-14', '801-617-9490', 1, 'female', 2),
(20, 'Jsandye', 'Mantione', '2017-06-28', '642-742-1288', 3, 'male', 4),
(21, 'Katya', 'Frankis', '2017-12-24', '455-399-4305', 2, 'female', 3),
(22, 'Cecil', 'Mighele', '2018-11-08', '398-810-1208', 1, 'male', 2),
(23, 'Aimil', 'Strawbridge', '2018-05-12', '135-324-0025', 3, 'male', 4),
(24, 'Emmy', 'Tidgewell', '2019-04-13', '274-285-6133', 3, 'female', 4),
(25, 'Allyn', 'Stopps', '2019-04-15', '497-537-0698', 2, 'female', 3),
(26, 'Keene', 'Fullerlove', '2019-01-24', '234-803-0072', 4, 'male', 5),
(27, 'Ayn', 'Pitcher', '2017-12-03', '305-837-4426', 2, 'male', 3),
(28, 'Haskell', 'Vernham', '2019-06-30', '477-984-8752', 2, 'male', 3),
(29, 'Valeda', 'Schleswig-Holstein', '2017-05-02', '618-747-8443', 2, 'female', 3),
(30, 'Cordelie', 'Satch', '2019-08-08', '556-549-8585', 4, 'female', 5),
(31, 'Emmalynn', 'Cantle', '2017-08-20', '770-157-7690', 5, 'male', 1),
(32, 'Gilligan', 'Valdes', '2018-04-25', '861-234-8782', 5, 'male', 1),
(33, 'Caron', 'Cusack', '2017-10-18', '294-994-1813', 4, 'female', 5),
(34, 'Tulley', 'Filtness', '2018-08-08', '531-353-4490', 4, 'male', 5),
(35, 'Jenelle', 'Blodg', '2018-07-04', '552-366-5930', 1, 'female', 2),
(36, 'Ara', 'Gibben', '2018-03-16', '889-775-7082', 4, 'female', 5),
(37, 'Raychel', 'Tomovic', '2018-10-11', '443-737-6960', 5, 'female', 1),
(38, 'Marya', 'Glavin', '2017-05-27', '724-443-1063', 2, 'female', 3),
(39, 'Dyna', 'Playfoot', '2017-04-22', '954-855-7026', 2, 'male', 3),
(40, 'Rachele', 'Daglish', '2017-05-17', '634-288-3627', 2, 'female', 3),
(41, 'Prudi', 'Vanetti', '2017-06-20', '903-461-8692', 3, 'male', 4),
(42, 'Mallory', 'Makin', '2018-06-19', '536-672-4310', 3, 'male', 4),
(43, 'Edd', 'Biagini', '2018-09-10', '471-218-8844', 2, 'male', 3),
(44, 'Lorie', 'Betty', '2019-05-30', '810-968-8409', 1, 'female', 2),
(45, 'Camile', 'Langshaw', '2017-01-26', '872-952-2548', 3, 'female', 4),
(46, 'Jose', 'Capelow', '2018-12-27', '978-204-9412', 3, 'male', 4),
(47, 'Alanna', 'Flewin', '2018-11-18', '646-887-1982', 4, 'female', 5),
(48, 'Nikos', 'Siddall', '2017-11-07', '180-623-4290', 4, 'male', 5),
(49, 'Vachel', 'Monckman', '2018-06-24', '649-165-4573', 3, 'female', 4),
(50, 'Cheston', 'Finlason', '2018-08-08', '210-244-6429', 1, 'male', 2),
(51, 'Marylou', 'Visco', '2018-08-01', '668-109-9950', 1, 'male', 2),
(52, 'Parsifal', 'Beards', '2018-05-18', '317-525-1886', 5, 'male', 1),
(53, 'Gianna', 'Wedon', '2018-07-02', '417-894-4007', 5, 'female', 1),
(54, 'Antonina', 'Bienvenu', '2017-04-06', '314-487-1568', 3, 'female', 4),
(55, 'Angel', 'Hammerson', '2019-03-08', '262-271-4502', 3, 'female', 4),
(56, 'Ellwood', 'Cantillon', '2018-05-27', '303-373-1686', 5, 'male', 1),
(57, 'Robinet', 'Prangnell', '2019-06-29', '292-170-6322', 1, 'male', 2),
(58, 'Sawyer', 'Axworthy', '2019-08-29', '752-202-6490', 4, 'male', 5),
(59, 'Cahra', 'Dobing', '2017-02-20', '585-418-1820', 4, 'female', 5),
(60, 'Norby', 'Hammond', '2017-08-15', '100-555-3728', 1, 'male', 2),
(61, 'Drona', 'Yarrow', '2019-04-23', '505-397-7898', 1, 'female', 2),
(62, 'Hamish', 'Pinshon', '2017-06-18', '239-221-8782', 1, 'male', 2),
(63, 'Cher', 'Moynham', '2018-03-26', '612-195-1367', 3, 'male', 4),
(64, 'Candide', 'Collis', '2019-06-02', '448-966-0850', 3, 'male', 4),
(65, 'Jobi', 'Westrip', '2019-01-05', '288-782-2787', 1, 'male', 2),
(66, 'Cristine', 'Dyers', '2018-02-11', '242-507-4178', 2, 'female', 3),
(67, 'Wyn', 'Beddow', '2019-02-09', '392-841-8109', 2, 'male', 3),
(68, 'Kile', 'Francklin', '2017-04-18', '129-661-7038', 2, 'female', 3),
(69, 'Janos', 'Byas', '2017-07-14', '950-457-8780', 5, 'male', 1),
(70, 'Heidie', 'Bruinemann', '2017-08-13', '469-361-1137', 1, 'female', 2),
(71, 'Lily', 'Bari', '2018-09-15', '566-788-99-87', 3, 'female', 4),
(72, 'Inna', 'Lavanda', '2018-12-12', '988-567-44-33', 3, 'female', 4),
(73, 'Yana', 'Budz', '2018-11-30', '677-554-98-02',3, 'female', 4);


INSERT INTO Educators (ID, Name, Lastname, PhoneNumber, GroupID, EducatorLevel, Rate)
VALUES (1, 'Mariya', 'Ivanets', 934567788, 2, 'high', 10000),
(2, 'Anastasiya', 'Smyrnova', 675443322, 1, 'junior', 5000),
(3, 'Alina', 'Kizak', 987664312, 5, 'high', 15000),
(4, 'Victoriya', 'Frag', 675548976, 1, 'high', 12000),
(5, 'Liza', 'Trus', 667773344, 3, 'junior', 6500),
(6, 'Sasha', 'Alert', 984563371, 4, 'high', 11000),
(7, 'Anna', 'Pavlova', 674583098, 2, 'junior', 5200),
(8, 'Alla', 'Borysova', 987556767, 3, 'high', 11500),
(9, 'Polina', 'Barbat', 998765432, 5,'junior', 7200),
(10, 'Zoya', 'Kvita', 675543244, 4, 'junior',6000);
INSERT INTO MusicTeacher (ID, Name, Lastname, PhoneNumber)
VALUES (1, 'Mariya', 'Usik', 987658877),
(2, 'Kateryna', 'Ulyk', 976885511),
(3, 'Ruslana', 'Didyk', 664558839),
(4, 'Inna', 'Vasyliv', 958993121),
(5, 'Valentyna', 'Kit', 634557681);
INSERT INTO ArtClub(ID, Name, Teacher)
VALUES (1, 'Theater', 'Vlada Vitiv'),
(2, 'Dance', 'Iryna Baliv'),
(3, 'Painting', 'Kateryna Clun'),
(4, 'English', 'Zhanna Zhuk');

INSERT INTO ClubDetailes(ChildID, ArtId)
VALUES (45, 2),
(3, 4),
(50, 1),
(45,2),
(67,3),
(3,3),
(42,1),
(32,3),
(9,1),
(15,4),
(10,4),
(11,3),
(5,4);

INSERT INTO ChildHistory (ChildID, EventName, EventDate, GroupIDto)
VALUES (25, 'admission', '2/21/2021', 4 ),
 (1, 'admission', '3/31/2016', 2),
 (11, 'admission', '8/15/2016', 2),
 (20, 'admission', '12/28/2018', 2),
 (6, 'admission', '6/11/2016', 1),
 (69, 'admission', '8/21/2017', 1),
 (3, 'admission', '3/22/2021', 1),
 (53, 'admission', '12/26/2019', 1),
 (3, 'admission', '11/4/2018', 2),
 (59, 'admission', '8/25/2020', 1),
 (41, 'admission', '2/22/2020', 3),
 (63, 'admission', '11/16/2016', 2),
 (30, 'admission', '3/27/2019', 1),
 (30, 'admission', '4/2/2017', 1),
 (57, 'admission', '4/28/2021', 3);
