INSERT INTO OL_Groups (ID, GroupName, GroupType)
VALUES (1, 'Sonechko','nursery');
INSERT INTO OL_Groups (ID, GroupName, GroupType)
VALUES (2, 'Metelyk', 'junior');
INSERT INTO OL_Groups (ID, GroupName, GroupType)
VALUES (3, 'Kvitochka', 'middle');
INSERT INTO OL_Groups (ID, GroupName, GroupType)
VALUES (4, 'Kapelka', 'senior');
INSERT INTO OL_Groups (ID, GroupName, GroupType)
VALUES (5, 'Rosynka', 'short-term');

INSERT INTO OL_Child (ID, FirstName, LastName, BirthDate, PhoneNumber, GroupID, Gender, EnterAge) 
VALUES (1, 'Della', 'Grimditch', TO_DATE('2017/10/01', 'YYYY/MM/DD'), '2804349256', 1, 'female', 2);
INSERT INTO OL_Child (ID, FirstName, LastName, BirthDate, PhoneNumber, GroupID, Gender, EnterAge) 
VALUES (2, 'Lutero', 'Booy', TO_DATE('2019-03-03', 'YYYY/MM/DD'), '592-275-4851', 3, 'male', 4);
INSERT INTO OL_Child (ID, FirstName, LastName, BirthDate, PhoneNumber, GroupID, Gender, EnterAge) 
VALUES (3, 'Franz', 'Mendoza', TO_DATE('2017-08-18', 'YYYY/MM/DD'), '753-948-5296', 5, 'male', 1);
INSERT INTO OL_Child (ID, FirstName, LastName, BirthDate, PhoneNumber, GroupID, Gender, EnterAge) 
VALUES (4, 'Cirstoforo', 'Summerbell', TO_DATE('2017-11-21', 'YYYY/MM/DD'), '915-536-2891', 5, 'male', 1);
INSERT INTO OL_Child (ID, FirstName, LastName, BirthDate, PhoneNumber, GroupID, Gender, EnterAge) 
VALUES (5, 'Lorinda', 'Joe', TO_DATE('2017-04-10', 'YYYY/MM/DD'), '794-159-6556', 4, 'female', 5);
INSERT INTO OL_Child (ID, FirstName, LastName, BirthDate, PhoneNumber, GroupID, Gender, EnterAge) 
VALUES (6, 'Fonzie', 'Shurey', TO_DATE('2018-09-24', 'YYYY/MM/DD'), '464-663-9748', 3, 'male', 4);
INSERT INTO OL_Child (ID, FirstName, LastName, BirthDate, PhoneNumber, GroupID, Gender, EnterAge) 
VALUES (7, 'Siana', 'Vedishchev', TO_DATE('2018-11-24', 'YYYY/MM/DD'), '123-864-9826', 5, 'female', 1);
INSERT INTO OL_Child (ID, FirstName, LastName, BirthDate, PhoneNumber, GroupID, Gender, EnterAge) 
VALUES (8, 'Tucky', 'Le Ball', TO_DATE('2019-04-05', 'YYYY/MM/DD'), '693-624-9031', 4, 'female', 5);
INSERT INTO OL_Child (ID, FirstName, LastName, BirthDate, PhoneNumber, GroupID, Gender, EnterAge) 
VALUES (9, 'Judas', 'Blanche', TO_DATE('2018-03-16', 'YYYY/MM/DD'), '407-438-6579', 3, 'male', 4);
INSERT INTO OL_Child (ID, FirstName, LastName, BirthDate, PhoneNumber, GroupID, Gender, EnterAge) 
VALUES (10, 'Zacherie', 'Cianelli', TO_DATE('2017-11-07', 'YYYY/MM/DD'), '966-725-4573', 2, 'male', 3);
INSERT INTO OL_Child (ID, FirstName, LastName, BirthDate, PhoneNumber, GroupID, Gender, EnterAge) 
VALUES (11, 'Ingrid', 'Helix', TO_DATE('2017-12-02', 'YYYY/MM/DD'), '586-134-8362', 3, 'female', 4);
INSERT INTO OL_Child (ID, FirstName, LastName, BirthDate, PhoneNumber, GroupID, Gender, EnterAge) 
VALUES (12, 'Grata', 'Russo', TO_DATE('2019-07-10', 'YYYY/MM/DD'), '181-684-3806', 4,'female', 5);
INSERT INTO OL_Child (ID, FirstName, LastName, BirthDate, PhoneNumber, GroupID, Gender, EnterAge) 
VALUES (13, 'Tobiah', 'Duckhouse', TO_DATE('2018-10-24', 'YYYY/MM/DD'), '500-373-1130', 1, 'male', 2);
INSERT INTO OL_Child (ID, FirstName, LastName, BirthDate, PhoneNumber, GroupID, Gender, EnterAge) 
VALUES (14, 'Henka', 'Fawlkes', TO_DATE('2018-10-13', 'YYYY/MM/DD'), '570-605-9099', 1, 'female', 2);
INSERT INTO OL_Child (ID, FirstName, LastName, BirthDate, PhoneNumber, GroupID, Gender, EnterAge) 
VALUES (15, 'Ella', 'McGee', TO_DATE('2017-05-11', 'YYYY/MM/DD'), '927-595-3584', 2, 'female', 3);
INSERT INTO OL_Child (ID, FirstName, LastName, BirthDate, PhoneNumber, GroupID, Gender, EnterAge) 
VALUES (16, 'Bryce', 'Dreng', TO_DATE('2017-01-15', 'YYYY/MM/DD'), '894-774-7057', 3, 'male', 4);
INSERT INTO OL_Child (ID, FirstName, LastName, BirthDate, PhoneNumber, GroupID, Gender, EnterAge) 
VALUES (17, 'Ramona', 'Niaves', TO_DATE('2017-01-17', 'YYYY/MM/DD'), '772-209-6341', 1, 'female', 2);
INSERT INTO OL_Child (ID, FirstName, LastName, BirthDate, PhoneNumber, GroupID, Gender, EnterAge) 
VALUES (18, 'Hayyim', 'Garr', TO_DATE('2017-08-01', 'YYYY/MM/DD'), '249-797-6111', 2, 'male', 3);
INSERT INTO OL_Child (ID, FirstName, LastName, BirthDate, PhoneNumber, GroupID, Gender, EnterAge) 
VALUES (19, 'Cornela', 'Jackman', TO_DATE('2019-05-14', 'YYYY/MM/DD'), '801-617-9490', 1, 'female', 2);
INSERT INTO OL_Child (ID, FirstName, LastName, BirthDate, PhoneNumber, GroupID, Gender, EnterAge) 
VALUES (20, 'Jsandye', 'Mantione', TO_DATE('2017-06-28', 'YYYY/MM/DD'), '642-742-1288', 3, 'male', 4);
INSERT INTO OL_Child (ID, FirstName, LastName, BirthDate, PhoneNumber, GroupID, Gender, EnterAge) 
VALUES (21, 'Katya', 'Frankis', TO_DATE('2017-12-24', 'YYYY/MM/DD'), '455-399-4305', 2, 'female', 3);
INSERT INTO OL_Child (ID, FirstName, LastName, BirthDate, PhoneNumber, GroupID, Gender, EnterAge) 
VALUES (22, 'Cecil', 'Mighele', TO_DATE('2018-11-08', 'YYYY/MM/DD'), '398-810-1208', 1, 'male', 2);
INSERT INTO OL_Child (ID, FirstName, LastName, BirthDate, PhoneNumber, GroupID, Gender, EnterAge) 
VALUES (23, 'Aimil', 'Strawbridge', TO_DATE('2018-05-12', 'YYYY/MM/DD'), '135-324-0025', 3, 'male', 4);
INSERT INTO OL_Child (ID, FirstName, LastName, BirthDate, PhoneNumber, GroupID, Gender, EnterAge) 
VALUES (24, 'Emmy', 'Tidgewell', TO_DATE('2019-04-13', 'YYYY/MM/DD'), '274-285-6133', 3, 'female', 4);
INSERT INTO OL_Child (ID, FirstName, LastName, BirthDate, PhoneNumber, GroupID, Gender, EnterAge) 
VALUES (25, 'Allyn', 'Stopps', TO_DATE('2019-04-15', 'YYYY/MM/DD'), '497-537-0698', 2, 'female', 3);
INSERT INTO OL_Child (ID, FirstName, LastName, BirthDate, PhoneNumber, GroupID, Gender, EnterAge) 
VALUES (26, 'Keene', 'Fullerlove', TO_DATE('2019-01-24', 'YYYY/MM/DD'), '234-803-0072', 4, 'male', 5);
INSERT INTO OL_Child (ID, FirstName, LastName, BirthDate, PhoneNumber, GroupID, Gender, EnterAge) 
VALUES (27, 'Ayn', 'Pitcher', TO_DATE('2017-12-03', 'YYYY/MM/DD'), '305-837-4426', 2, 'male', 3);
INSERT INTO OL_Child (ID, FirstName, LastName, BirthDate, PhoneNumber, GroupID, Gender, EnterAge) 
VALUES (28, 'Haskell', 'Vernham', TO_DATE('2019-06-30', 'YYYY/MM/DD'), '477-984-8752', 2, 'male', 3);
INSERT INTO OL_Child (ID, FirstName, LastName, BirthDate, PhoneNumber, GroupID, Gender, EnterAge) 
VALUES (29, 'Valeda', 'Schleswig-Holstein', TO_DATE('2017-05-02', 'YYYY/MM/DD'), '618-747-8443', 2, 'female', 3);
INSERT INTO OL_Child (ID, FirstName, LastName, BirthDate, PhoneNumber, GroupID, Gender, EnterAge) 
VALUES (30, 'Cordelie', 'Satch', TO_DATE('2019-08-08', 'YYYY/MM/DD'), '556-549-8585', 4, 'female', 5);
INSERT INTO OL_Child (ID, FirstName, LastName, BirthDate, PhoneNumber, GroupID, Gender, EnterAge) 
VALUES (31, 'Emmalynn', 'Cantle', TO_DATE('2017-08-20', 'YYYY/MM/DD'), '770-157-7690', 5, 'male', 1);
INSERT INTO OL_Child (ID, FirstName, LastName, BirthDate, PhoneNumber, GroupID, Gender, EnterAge) 
VALUES (32, 'Gilligan', 'Valdes', TO_DATE('2018-04-25', 'YYYY/MM/DD'), '861-234-8782', 5, 'male', 1);
INSERT INTO OL_Child (ID, FirstName, LastName, BirthDate, PhoneNumber, GroupID, Gender, EnterAge) 
VALUES (33, 'Caron', 'Cusack', TO_DATE('2017-10-18', 'YYYY/MM/DD'), '294-994-1813', 4, 'female', 5);
INSERT INTO OL_Child (ID, FirstName, LastName, BirthDate, PhoneNumber, GroupID, Gender, EnterAge) 
VALUES (34, 'Tulley', 'Filtness', TO_DATE('2018-08-08', 'YYYY/MM/DD'), '531-353-4490', 4, 'male', 5);
INSERT INTO OL_Child (ID, FirstName, LastName, BirthDate, PhoneNumber, GroupID, Gender, EnterAge) 
VALUES (35, 'Jenelle', 'Blodg', TO_DATE('2018-07-04', 'YYYY/MM/DD'), '552-366-5930', 1, 'female', 2);
INSERT INTO OL_Child (ID, FirstName, LastName, BirthDate, PhoneNumber, GroupID, Gender, EnterAge) 
VALUES (36, 'Ara', 'Gibben', TO_DATE('2018-03-16', 'YYYY/MM/DD'), '889-775-7082', 4, 'female', 5);
INSERT INTO OL_Child (ID, FirstName, LastName, BirthDate, PhoneNumber, GroupID, Gender, EnterAge) 
VALUES (37, 'Raychel', 'Tomovic', TO_DATE('2018-10-11', 'YYYY/MM/DD'), '443-737-6960', 5, 'female', 1);
INSERT INTO OL_Child (ID, FirstName, LastName, BirthDate, PhoneNumber, GroupID, Gender, EnterAge) 
VALUES (38, 'Marya', 'Glavin', TO_DATE('2017-05-27', 'YYYY/MM/DD'), '724-443-1063', 2, 'female', 3);
INSERT INTO OL_Child (ID, FirstName, LastName, BirthDate, PhoneNumber, GroupID, Gender, EnterAge) 
VALUES (39, 'Dyna', 'Playfoot', TO_DATE('2017-04-22', 'YYYY/MM/DD'), '954-855-7026', 2, 'male', 3);
INSERT INTO OL_Child (ID, FirstName, LastName, BirthDate, PhoneNumber, GroupID, Gender, EnterAge) 
VALUES (40, 'Rachele', 'Daglish', TO_DATE('2017-05-17', 'YYYY/MM/DD'), '634-288-3627', 2, 'female', 3);
INSERT INTO OL_Child (ID, FirstName, LastName, BirthDate, PhoneNumber, GroupID, Gender, EnterAge) 
VALUES (41, 'Prudi', 'Vanetti', TO_DATE('2017-06-20', 'YYYY/MM/DD'), '903-461-8692', 3, 'male', 4);
INSERT INTO OL_Child (ID, FirstName, LastName, BirthDate, PhoneNumber, GroupID, Gender, EnterAge) 
VALUES (42, 'Mallory', 'Makin', TO_DATE('2018-06-19', 'YYYY/MM/DD'), '536-672-4310', 3, 'male', 4);
INSERT INTO OL_Child (ID, FirstName, LastName, BirthDate, PhoneNumber, GroupID, Gender, EnterAge) 
VALUES (43, 'Edd', 'Biagini', TO_DATE('2018-09-10', 'YYYY/MM/DD'), '471-218-8844', 2, 'male', 3);
INSERT INTO OL_Child (ID, FirstName, LastName, BirthDate, PhoneNumber, GroupID, Gender, EnterAge) 
VALUES (44, 'Lorie', 'Betty', TO_DATE('2019-05-30', 'YYYY/MM/DD'), '810-968-8409', 1, 'female', 2);
INSERT INTO OL_Child (ID, FirstName, LastName, BirthDate, PhoneNumber, GroupID, Gender, EnterAge) 
VALUES (45, 'Camile', 'Langshaw', TO_DATE('2017-01-26', 'YYYY/MM/DD'), '872-952-2548', 3, 'female', 4);
INSERT INTO OL_Child (ID, FirstName, LastName, BirthDate, PhoneNumber, GroupID, Gender, EnterAge) 
VALUES (46, 'Jose', 'Capelow', TO_DATE('2018-12-27', 'YYYY/MM/DD'), '978-204-9412', 3, 'male', 4);
INSERT INTO OL_Child (ID, FirstName, LastName, BirthDate, PhoneNumber, GroupID, Gender, EnterAge) 
VALUES (47, 'Alanna', 'Flewin', TO_DATE('2018-11-18', 'YYYY/MM/DD'), '646-887-1982', 4, 'female', 5);
INSERT INTO OL_Child (ID, FirstName, LastName, BirthDate, PhoneNumber, GroupID, Gender, EnterAge) 
VALUES (48, 'Nikos', 'Siddall', TO_DATE('2017-11-07', 'YYYY/MM/DD'), '180-623-4290', 4, 'male', 5);
INSERT INTO OL_Child (ID, FirstName, LastName, BirthDate, PhoneNumber, GroupID, Gender, EnterAge) 
VALUES (49, 'Vachel', 'Monckman', TO_DATE('2018-06-24', 'YYYY/MM/DD'), '649-165-4573', 3, 'female', 4);
INSERT INTO OL_Child (ID, FirstName, LastName, BirthDate, PhoneNumber, GroupID, Gender, EnterAge) 
VALUES (50, 'Cheston', 'Finlason', TO_DATE('2018-08-08', 'YYYY/MM/DD'), '210-244-6429', 1, 'male', 2);
INSERT INTO OL_Child (ID, FirstName, LastName, BirthDate, PhoneNumber, GroupID, Gender, EnterAge) 
VALUES (51, 'Marylou', 'Visco', TO_DATE('2018-08-01', 'YYYY/MM/DD'), '668-109-9950', 1, 'male', 2);
INSERT INTO OL_Child (ID, FirstName, LastName, BirthDate, PhoneNumber, GroupID, Gender, EnterAge) 
VALUES (52, 'Parsifal', 'Beards', TO_DATE('2018-05-18', 'YYYY/MM/DD'), '317-525-1886', 5, 'male', 1);
INSERT INTO OL_Child (ID, FirstName, LastName, BirthDate, PhoneNumber, GroupID, Gender, EnterAge) 
VALUES (53, 'Gianna', 'Wedon', TO_DATE('2018-07-02', 'YYYY/MM/DD'), '417-894-4007', 5, 'female', 1);
INSERT INTO OL_Child (ID, FirstName, LastName, BirthDate, PhoneNumber, GroupID, Gender, EnterAge) 
VALUES (54, 'Antonina', 'Bienvenu', TO_DATE('2017-04-06', 'YYYY/MM/DD'), '314-487-1568', 3, 'female', 4);
INSERT INTO OL_Child (ID, FirstName, LastName, BirthDate, PhoneNumber, GroupID, Gender, EnterAge) 
VALUES (55, 'Angel', 'Hammerson', TO_DATE('2019-03-08', 'YYYY/MM/DD'), '262-271-4502', 3, 'female', 4);
INSERT INTO OL_Child (ID, FirstName, LastName, BirthDate, PhoneNumber, GroupID, Gender, EnterAge) 
VALUES (56, 'Ellwood', 'Cantillon', TO_DATE('2018-05-27', 'YYYY/MM/DD'), '303-373-1686', 5, 'male', 1);
INSERT INTO OL_Child (ID, FirstName, LastName, BirthDate, PhoneNumber, GroupID, Gender, EnterAge) 
VALUES (57, 'Robinet', 'Prangnell', TO_DATE('2019-06-29', 'YYYY/MM/DD'), '292-170-6322', 1, 'male', 2);
INSERT INTO OL_Child (ID, FirstName, LastName, BirthDate, PhoneNumber, GroupID, Gender, EnterAge) 
VALUES (58, 'Sawyer', 'Axworthy', TO_DATE('2019-08-29', 'YYYY/MM/DD'), '752-202-6490', 4, 'male', 5);
INSERT INTO OL_Child (ID, FirstName, LastName, BirthDate, PhoneNumber, GroupID, Gender, EnterAge) 
VALUES (59, 'Cahra', 'Dobing', TO_DATE('2017-02-20', 'YYYY/MM/DD'), '585-418-1820', 4, 'female', 5);
INSERT INTO OL_Child (ID, FirstName, LastName, BirthDate, PhoneNumber, GroupID, Gender, EnterAge) 
VALUES (60, 'Norby', 'Hammond', TO_DATE('2017-08-15', 'YYYY/MM/DD'), '100-555-3728', 1, 'male', 2);
INSERT INTO OL_Child (ID, FirstName, LastName, BirthDate, PhoneNumber, GroupID, Gender, EnterAge) 
VALUES (61, 'Drona', 'Yarrow', TO_DATE('2019-04-23', 'YYYY/MM/DD'), '505-397-7898', 1, 'female', 2);
INSERT INTO OL_Child (ID, FirstName, LastName, BirthDate, PhoneNumber, GroupID, Gender, EnterAge) 
VALUES (62, 'Hamish', 'Pinshon', TO_DATE('2017-06-18', 'YYYY/MM/DD'), '239-221-8782', 1, 'male', 2);
INSERT INTO OL_Child (ID, FirstName, LastName, BirthDate, PhoneNumber, GroupID, Gender, EnterAge) 
VALUES (63, 'Cher', 'Moynham', TO_DATE('2018-03-26', 'YYYY/MM/DD'), '612-195-1367', 3, 'male', 4);
INSERT INTO OL_Child (ID, FirstName, LastName, BirthDate, PhoneNumber, GroupID, Gender, EnterAge) 
VALUES (64, 'Candide', 'Collis', TO_DATE('2019-06-02', 'YYYY/MM/DD'), '448-966-0850', 3, 'male', 4);
INSERT INTO OL_Child (ID, FirstName, LastName, BirthDate, PhoneNumber, GroupID, Gender, EnterAge) 
VALUES (65, 'Jobi', 'Westrip', TO_DATE('2019-01-05', 'YYYY/MM/DD'), '288-782-2787', 1, 'male', 2);
INSERT INTO OL_Child (ID, FirstName, LastName, BirthDate, PhoneNumber, GroupID, Gender, EnterAge) 
VALUES (66, 'Cristine', 'Dyers', TO_DATE('2018-02-11', 'YYYY/MM/DD'), '242-507-4178', 2, 'female', 3);
INSERT INTO OL_Child (ID, FirstName, LastName, BirthDate, PhoneNumber, GroupID, Gender, EnterAge) 
VALUES (67, 'Wyn', 'Beddow', TO_DATE('2019-02-09', 'YYYY/MM/DD'), '392-841-8109', 2, 'male', 3);
INSERT INTO OL_Child (ID, FirstName, LastName, BirthDate, PhoneNumber, GroupID, Gender, EnterAge) 
VALUES (68, 'Kile', 'Francklin', TO_DATE('2017-04-18', 'YYYY/MM/DD'), '129-661-7038', 2, 'female', 3);
INSERT INTO OL_Child (ID, FirstName, LastName, BirthDate, PhoneNumber, GroupID, Gender, EnterAge) 
VALUES (69, 'Janos', 'Byas', TO_DATE('2017-07-14', 'YYYY/MM/DD'), '950-457-8780', 5, 'male', 1);
INSERT INTO OL_Child (ID, FirstName, LastName, BirthDate, PhoneNumber, GroupID, Gender, EnterAge) 
VALUES (70, 'Heidie', 'Bruinemann', TO_DATE('2017-08-13', 'YYYY/MM/DD'), '469-361-1137', 1, 'female', 2);
INSERT INTO OL_Child (ID, FirstName, LastName, BirthDate, PhoneNumber, GroupID, Gender, EnterAge) 
VALUES (71, 'Lily', 'Bari', TO_DATE('2018-09-15', 'YYYY/MM/DD'), '566-788-99-87', 3, 'female', 4);
INSERT INTO OL_Child (ID, FirstName, LastName, BirthDate, PhoneNumber, GroupID, Gender, EnterAge) 
VALUES (72, 'Inna', 'Lavanda', TO_DATE('2018-12-12', 'YYYY/MM/DD'), '988-567-44-33', 3, 'female', 4);
INSERT INTO OL_Child (ID, FirstName, LastName, BirthDate, PhoneNumber, GroupID, Gender, EnterAge) 
VALUES (73, 'Yana', 'Budz', TO_DATE('2018-11-30', 'YYYY/MM/DD'), '677-554-98-02',3, 'female', 4);


INSERT INTO OL_Educators (ID, Name, Lastname, PhoneNumber, GroupID, EducatorLevel, Rate)
VALUES (1, 'Mariya', 'Ivanets', 934567788, 2, 'high', 10000);
INSERT INTO OL_Educators (ID, Name, Lastname, PhoneNumber, GroupID, EducatorLevel, Rate)
VALUES(2, 'Anastasiya', 'Smyrnova', 675443322, 1, 'junior', 5000);
INSERT INTO OL_Educators (ID, Name, Lastname, PhoneNumber, GroupID, EducatorLevel, Rate)
VALUES(3, 'Alina', 'Kizak', 987664312, 5, 'high', 15000);
INSERT INTO OL_Educators (ID, Name, Lastname, PhoneNumber, GroupID, EducatorLevel, Rate)
VALUES(4, 'Victoriya', 'Frag', 675548976, 1, 'high', 12000);
INSERT INTO OL_Educators (ID, Name, Lastname, PhoneNumber, GroupID, EducatorLevel, Rate)
VALUES(5, 'Liza', 'Trus', 667773344, 3, 'junior', 6500);
INSERT INTO OL_Educators (ID, Name, Lastname, PhoneNumber, GroupID, EducatorLevel, Rate)
VALUES(6, 'Sasha', 'Alert', 984563371, 4, 'high', 11000);
INSERT INTO OL_Educators (ID, Name, Lastname, PhoneNumber, GroupID, EducatorLevel, Rate)
VALUES(7, 'Anna', 'Pavlova', 674583098, 2, 'junior', 5200);
INSERT INTO OL_Educators (ID, Name, Lastname, PhoneNumber, GroupID, EducatorLevel, Rate)
VALUES(8, 'Alla', 'Borysova', 987556767, 3, 'high', 11500);
INSERT INTO OL_Educators (ID, Name, Lastname, PhoneNumber, GroupID, EducatorLevel, Rate)
VALUES(9, 'Polina', 'Barbat', 998765432, 5,'junior', 7200);
INSERT INTO OL_Educators (ID, Name, Lastname, PhoneNumber, GroupID, EducatorLevel, Rate)
VALUES(10, 'Zoya', 'Kvita', 675543244, 4, 'junior',6000);


INSERT INTO OL_MusicTeacher (ID, Name, Lastname, PhoneNumber)
VALUES (1, 'Mariya', 'Usik', 987658877);
INSERT INTO OL_MusicTeacher (ID, Name, Lastname, PhoneNumber)
VALUES(2, 'Kateryna', 'Ulyk', 976885511);
INSERT INTO OL_MusicTeacher (ID, Name, Lastname, PhoneNumber)
VALUES(3, 'Ruslana', 'Didyk', 664558839);
INSERT INTO OL_MusicTeacher (ID, Name, Lastname, PhoneNumber)
VALUES(4, 'Inna', 'Vasyliv', 958993121);
INSERT INTO OL_MusicTeacher (ID, Name, Lastname, PhoneNumber)
VALUES(5, 'Valentyna', 'Kit', 634557681);


INSERT INTO OL_ArtClub(ID, Name, Teacher)
VALUES (1, 'Theater', 'Vlada Vitiv');
INSERT INTO OL_ArtClub(ID, Name, Teacher)
VALUES (2, 'Dance', 'Iryna Baliv');
INSERT INTO OL_ArtClub(ID, Name, Teacher)
VALUES (3, 'Painting', 'Kateryna Clun');
INSERT INTO OL_ArtClub(ID, Name, Teacher)
VALUES (4, 'English', 'Zhanna Zhuk');


INSERT INTO OL_ClubDetailes(ChildID, ArtId)
VALUES (45, 2);
INSERT INTO OL_ClubDetailes(ChildID, ArtId)
VALUES(3, 4);
INSERT INTO OL_ClubDetailes(ChildID, ArtId)
VALUES(50, 1);
INSERT INTO OL_ClubDetailes(ChildID, ArtId)
VALUES(45,2);
INSERT INTO OL_ClubDetailes(ChildID, ArtId)
VALUES(67,3);
INSERT INTO OL_ClubDetailes(ChildID, ArtId)
VALUES(3,3);
INSERT INTO OL_ClubDetailes(ChildID, ArtId)
VALUES(42,1);
INSERT INTO OL_ClubDetailes(ChildID, ArtId)
VALUES(32,3);
INSERT INTO OL_ClubDetailes(ChildID, ArtId)
VALUES(9,1);
INSERT INTO OL_ClubDetailes(ChildID, ArtId)
VALUES(15,4);
INSERT INTO OL_ClubDetailes(ChildID, ArtId)
VALUES(10,4);
INSERT INTO OL_ClubDetailes(ChildID, ArtId)
VALUES(11,3);
INSERT INTO OL_ClubDetailes(ChildID, ArtId)
VALUES(5,4);

INSERT INTO OL_ChildHistory (ChildID, EventName, EventDate, GroupIDto)
VALUES (25, 'admission', TO_DATE('2/21/2021', 'MM/DD/YYYY'), 4 );
INSERT INTO OL_ChildHistory (ChildID, EventName, EventDate, GroupIDto)
VALUES (1, 'admission', TO_DATE('3/31/2016', 'MM/DD/YYYY'), 2);
INSERT INTO OL_ChildHistory (ChildID, EventName, EventDate, GroupIDto)
VALUES  (11, 'admission', TO_DATE('8/15/2016', 'MM/DD/YYYY'), 2);
INSERT INTO OL_ChildHistory (ChildID, EventName, EventDate, GroupIDto)
VALUES  (20, 'admission', TO_DATE('12/28/2018', 'MM/DD/YYYY'), 2);
INSERT INTO OL_ChildHistory (ChildID, EventName, EventDate, GroupIDto)
VALUES  (6, 'admission', TO_DATE('6/11/2016', 'MM/DD/YYYY'), 1);
INSERT INTO OL_ChildHistory (ChildID, EventName, EventDate, GroupIDto)
VALUES  (69, 'admission', TO_DATE('8/21/2017', 'MM/DD/YYYY'), 1);
INSERT INTO OL_ChildHistory (ChildID, EventName, EventDate, GroupIDto)
VALUES  (3, 'admission', TO_DATE('3/22/2021', 'MM/DD/YYYY'), 1);
INSERT INTO OL_ChildHistory (ChildID, EventName, EventDate, GroupIDto)
VALUES  (53, 'admission', TO_DATE('12/26/2019', 'MM/DD/YYYY'), 1);
INSERT INTO OL_ChildHistory (ChildID, EventName, EventDate, GroupIDto)
VALUES  (3, 'admission', TO_DATE('11/4/2018', 'MM/DD/YYYY'), 2);
INSERT INTO OL_ChildHistory (ChildID, EventName, EventDate, GroupIDto)
VALUES  (59, 'admission', TO_DATE('8/25/2020', 'MM/DD/YYYY'), 1);
INSERT INTO OL_ChildHistory (ChildID, EventName, EventDate, GroupIDto)
VALUES  (41, 'admission', TO_DATE('2/22/2020', 'MM/DD/YYYY'), 3);
INSERT INTO OL_ChildHistory (ChildID, EventName, EventDate, GroupIDto)
VALUES  (63, 'admission', TO_DATE('11/16/2016', 'MM/DD/YYYY'), 2);
INSERT INTO OL_ChildHistory (ChildID, EventName, EventDate, GroupIDto)
VALUES  (30, 'admission', TO_DATE('3/27/2019', 'MM/DD/YYYY'), 1);
INSERT INTO OL_ChildHistory (ChildID, EventName, EventDate, GroupIDto)
VALUES  (30, 'admission', TO_DATE('4/2/2017', 'MM/DD/YYYY'), 1);
INSERT INTO OL_ChildHistory (ChildID, EventName, EventDate, GroupIDto)
VALUES  (57, 'admission', TO_DATE('4/28/2021', 'MM/DD/YYYY'), 3);

